wd,s
http://www.wikidata.org/entity/P8546,http://schema.org/recordedAt
http://www.wikidata.org/entity/P571,http://schema.org/startDate
http://www.wikidata.org/entity/P577,http://schema.org/uploadDate
http://www.wikidata.org/entity/P2047,http://schema.org/duration
http://www.wikidata.org/entity/P161,https://schema.org/actor
http://www.wikidata.org/entity/P17,https://schema.org/addressCountry
http://www.wikidata.org/entity/P1416,https://schema.org/affiliation
http://www.wikidata.org/entity/P4970,https://schema.org/alternateName
http://www.wikidata.org/entity/P2360,https://schema.org/audience
http://www.wikidata.org/entity/P166,https://schema.org/award
http://www.wikidata.org/entity/P19,https://schema.org/birthPlace
http://www.wikidata.org/entity/P1716,https://schema.org/brand
http://www.wikidata.org/entity/P175,https://schema.org/byArtist
http://www.wikidata.org/entity/P2317,https://schema.org/callSign
http://www.wikidata.org/entity/P2096,https://schema.org/caption
http://www.wikidata.org/entity/P2860,https://schema.org/citation
http://www.wikidata.org/entity/P1436,https://schema.org/collectionSize
http://www.wikidata.org/entity/P2789,https://schema.org/connectedTo
http://www.wikidata.org/entity/P2507,https://schema.org/correction
http://www.wikidata.org/entity/P170,https://schema.org/creator
http://www.wikidata.org/entity/P2894,https://schema.org/dayOfWeek
http://www.wikidata.org/entity/P20,https://schema.org/deathPlace
http://www.wikidata.org/entity/P2043,https://schema.org/distance
http://www.wikidata.org/entity/P2771,https://schema.org/duns
http://www.wikidata.org/entity/P2047,https://schema.org/duration
http://www.wikidata.org/entity/P1163,https://schema.org/encodingFormat
http://www.wikidata.org/entity/P2701,https://schema.org/encodingFormat
http://www.wikidata.org/entity/P2900,https://schema.org/faxNumber
http://www.wikidata.org/entity/P3090,https://schema.org/flightNumber
http://www.wikidata.org/entity/P112,https://schema.org/founder
http://www.wikidata.org/entity/P21,https://schema.org/gender
http://www.wikidata.org/entity/P136,https://schema.org/genre
http://www.wikidata.org/entity/P2048,https://schema.org/height
http://www.wikidata.org/entity/P239,https://schema.org/icaoCode
http://www.wikidata.org/entity/P18,https://schema.org/image
http://www.wikidata.org/entity/P234,https://schema.org/inChI
http://www.wikidata.org/entity/P235,https://schema.org/inChIKey
http://www.wikidata.org/entity/P144,https://schema.org/isBasedOn
http://www.wikidata.org/entity/P212,https://schema.org/isbn
http://www.wikidata.org/entity/P1796,https://schema.org/isicV4
http://www.wikidata.org/entity/P361,https://schema.org/isPartOf
http://www.wikidata.org/entity/P1243,https://schema.org/isrcCode
http://www.wikidata.org/entity/P236,https://schema.org/issn
http://www.wikidata.org/entity/P1827,https://schema.org/iswcCode
http://www.wikidata.org/entity/P276,https://schema.org/itemLocation
http://www.wikidata.org/entity/P1412,https://schema.org/knowsLanguage
http://www.wikidata.org/entity/P1278,https://schema.org/leiCode
http://www.wikidata.org/entity/P275,https://schema.org/license
http://www.wikidata.org/entity/P276,https://schema.org/location
http://www.wikidata.org/entity/P154,https://schema.org/logo
http://www.wikidata.org/entity/P186,https://schema.org/material
http://www.wikidata.org/entity/P463,https://schema.org/memberOf
http://www.wikidata.org/entity/P2561,https://schema.org/name
http://www.wikidata.org/entity/P27,https://schema.org/nationality
http://www.wikidata.org/entity/P2218,https://schema.org/netWorth
http://www.wikidata.org/entity/P1128,https://schema.org/numberOfEmployees
http://www.wikidata.org/entity/P2437,https://schema.org/numberOfSeasons
http://www.wikidata.org/entity/P2635,https://schema.org/numTracks
http://www.wikidata.org/entity/P306,https://schema.org/operatingSystem
http://www.wikidata.org/entity/P1830,https://schema.org/owns
http://www.wikidata.org/entity/P304,https://schema.org/pagination
http://www.wikidata.org/entity/P179,https://schema.org/partOfSeries
http://www.wikidata.org/entity/P1545,https://schema.org/position
http://www.wikidata.org/entity/P281,https://schema.org/postalCode
http://www.wikidata.org/entity/P155,https://schema.org/previousItem
http://www.wikidata.org/entity/P162,https://schema.org/producer
http://www.wikidata.org/entity/P272,https://schema.org/productionCompany
http://www.wikidata.org/entity/P277,https://schema.org/programmingLanguage
http://www.wikidata.org/entity/P176,https://schema.org/provider
http://www.wikidata.org/entity/P195,https://schema.org/provider
http://www.wikidata.org/entity/P123,https://schema.org/publisher
http://www.wikidata.org/entity/P1817,https://schema.org/recipient
http://www.wikidata.org/entity/P2550,https://schema.org/recordingOf
http://www.wikidata.org/entity/P1995,https://schema.org/relevantSpecialty
http://www.wikidata.org/entity/P2257,https://schema.org/repeatFrequency
http://www.wikidata.org/entity/P2899,https://schema.org/requiredMinAge
http://www.wikidata.org/entity/P2012,https://schema.org/servesCuisine
http://www.wikidata.org/entity/P1546,https://schema.org/slogan
http://www.wikidata.org/entity/P26,https://schema.org/spouse
http://www.wikidata.org/entity/P1329,https://schema.org/telephone
http://www.wikidata.org/entity/P249,https://schema.org/tickerSymbol
http://www.wikidata.org/entity/P658,https://schema.org/track
http://www.wikidata.org/entity/P2699,https://schema.org/url
http://www.wikidata.org/entity/P3027,https://schema.org/validFrom
http://www.wikidata.org/entity/P3028,https://schema.org/validThrough
http://www.wikidata.org/entity/P2067,https://schema.org/weight
http://www.wikidata.org/entity/P2049,https://schema.org/width
http://www.wikidata.org/entity/P2139,https://schema.org/yearlyRevenue
http://www.wikidata.org/entity/P6375,https://schema.org/address
http://www.wikidata.org/entity/P69,https://schema.org/alumniOf
http://www.wikidata.org/entity/P5749,https://schema.org/asin
http://www.wikidata.org/entity/P51,https://schema.org/audio
http://www.wikidata.org/entity/P50,https://schema.org/author
http://www.wikidata.org/entity/P569,https://schema.org/birthDate
http://www.wikidata.org/entity/P462,https://schema.org/color
http://www.wikidata.org/entity/P6338,https://schema.org/colorist
http://www.wikidata.org/entity/P710,https://schema.org/competitor
http://www.wikidata.org/entity/P495,https://schema.org/countryOfOrigin
http://www.wikidata.org/entity/P571,https://schema.org/dateCreated
http://www.wikidata.org/entity/P577,https://schema.org/datePublished
http://www.wikidata.org/entity/P570,https://schema.org/deathDate
http://www.wikidata.org/entity/P57,https://schema.org/director
http://www.wikidata.org/entity/Q3455803,https://schema.org/director
http://www.wikidata.org/entity/P576,https://schema.org/dissolutionDate
http://www.wikidata.org/entity/P4945,https://schema.org/downloadUrl
http://www.wikidata.org/entity/P582,https://schema.org/endDate
http://www.wikidata.org/entity/P625,https://schema.org/geo
http://www.wikidata.org/entity/P625,https://schema.org/GeoCoordinates
http://www.wikidata.org/entity/P527,https://schema.org/hasPart
http://www.wikidata.org/entity/P551,https://schema.org/homeLocation
http://www.wikidata.org/entity/P511,https://schema.org/honorificPrefix
http://www.wikidata.org/entity/P5899,https://schema.org/interestRate
http://www.wikidata.org/entity/P676,https://schema.org/lyricist
http://www.wikidata.org/entity/P664,https://schema.org/organizer
http://www.wikidata.org/entity/P710,https://schema.org/participant
http://www.wikidata.org/entity/P4908,https://schema.org/partOfSeason
http://www.wikidata.org/entity/P6977,https://schema.org/review
http://www.wikidata.org/entity/P5642,https://schema.org/riskFactor
http://www.wikidata.org/entity/P641,https://schema.org/sport
http://www.wikidata.org/entity/P580,https://schema.org/startDate
http://www.wikidata.org/entity/P580,https://schema.org/startTime
http://www.wikidata.org/entity/P7014,https://schema.org/termsOfService
http://www.wikidata.org/entity/P655,https://schema.org/translator
http://www.wikidata.org/entity/P6512,https://schema.org/unitCode
http://www.wikidata.org/entity/P577,https://schema.org/uploadDate
http://www.wikidata.org/entity/P478,https://schema.org/volumeNumber
http://www.wikidata.org/entity/P3224,https://schema.org/naics
http://www.wikidata.org/entity/P3618,https://schema.org/baseSalary
http://www.wikidata.org/entity/P3311,https://schema.org/layoutImage
http://www.wikidata.org/entity/P3373,https://schema.org/sibling
http://www.wikidata.org/entity/P355,https://schema.org/subOrganization
http://www.wikidata.org/entity/P444,https://schema.org/aggregateRating
http://www.wikidata.org/entity/P3970,https://schema.org/broadcastChannelId
http://www.wikidata.org/entity/P4448,https://schema.org/cashBack
http://www.wikidata.org/entity/P453,https://schema.org/character
http://www.wikidata.org/entity/P674,https://schema.org/character
http://www.wikidata.org/entity/P40,https://schema.org/children
http://www.wikidata.org/entity/P3931,https://schema.org/copyrightHolder
http://www.wikidata.org/entity/P4511,https://schema.org/depth
http://www.wikidata.org/entity/P4445,https://schema.org/gracePeriod
http://www.wikidata.org/entity/P3962,https://schema.org/gtin
http://www.wikidata.org/entity/P407,https://schema.org/inLanguage
http://www.wikidata.org/entity/P433,https://schema.org/issueNumber
http://www.wikidata.org/entity/P404,https://schema.org/playMode
http://www.wikidata.org/entity/P4135,https://schema.org/requiredMaxAge
http://www.wikidata.org/entity/P2047,https://schema.org/timeRequired
http://www.wikidata.org/entity/P2888,http://schema.org/sameAs
http://www.wikidata.org/entity/P749,https://schema.org/parentOrganization
http://www.wikidata.org/entity/P1065,https://schema.org/archivedAt
http://www.wikidata.org/entity/P10651,https://schema.org/commentCount
http://www.wikidata.org/entity/P10650,https://schema.org/downvoteCount
http://www.wikidata.org/entity/P10611,https://schema.org/hasCertification
http://www.wikidata.org/entity/P106,https://schema.org/hasOccupation
http://www.wikidata.org/entity/P1035,https://schema.org/honorificSuffix
http://www.wikidata.org/entity/P110,https://schema.org/illustrator
http://www.wikidata.org/entity/P1071,https://schema.org/locationCreated
http://www.wikidata.org/entity/P1113,https://schema.org/numberOfEpisodes
http://www.wikidata.org/entity/P1104,https://schema.org/numberOfPages
http://www.wikidata.org/entity/P10649,https://schema.org/upvoteCount
http://www.wikidata.org/entity/P10,https://schema.org/video
http://www.wikidata.org/entity/P108,https://schema.org/worksFor
http://www.wikidata.org/entity/P2561,http://schema.org/name
http://www.wikidata.org/entity/P921,https://schema.org/about
http://www.wikidata.org/entity/P8627,https://schema.org/closes
http://www.wikidata.org/entity/P840,https://schema.org/contentLocation
http://www.wikidata.org/entity/P767,https://schema.org/contributor
http://www.wikidata.org/entity/P98,https://schema.org/editor
http://www.wikidata.org/entity/P968,https://schema.org/email
http://www.wikidata.org/entity/P734,https://schema.org/familyName
http://www.wikidata.org/entity/P740,https://schema.org/foundingLocation
http://www.wikidata.org/entity/P735,https://schema.org/givenName
http://www.wikidata.org/entity/P973,https://schema.org/mainEntityOfPage
http://www.wikidata.org/entity/P8626,https://schema.org/opens
http://www.wikidata.org/entity/P924,https://schema.org/possibleTreatment
http://www.wikidata.org/entity/P9831,https://schema.org/releaseOf
http://www.wikidata.org/entity/P780,https://schema.org/signOrSymptom
http://www.wikidata.org/entity/P859,https://schema.org/sponsor
http://www.wikidata.org/entity/P747,https://schema.org/workExample
http://www.wikidata.org/entity/P348,https://schema.org/softwareVersion
http://www.wikidata.org/entity/P178,https://schema.org/author
http://www.wikidata.org/entity/P400,https://schema.org/runtimePlatform
